{
  "北京": [
    39.9011168,
    116.4210134
  ],
  "上海": [
    31.2515568,
    121.4511645
  ],
  "深圳": [
    22.5445741,
    114.0545429
  ],
  "杭州": [
    30.2489634,
    120.2052342
  ],
  "广州": [
    23.1288454,
    113.2590064
  ],
  "三亚": [
    18.2534658,
    109.5034392
  ],
  "南京": [
    32.0438284,
    118.7788631
  ],
  "林芝": [
    29.5487912,
    94.6384738
  ],
  "厦门": [
    24.5438732,
    118.0768065
  ],
  "成都": [
    30.659867,
    104.063315
  ],
  "天津": [
    39.1357517,
    117.2036841
  ],
  "珠海": [
    22.273734,
    113.5721327
  ],
  "福州": [
    26.0774954,
    119.2918215
  ],
  "日喀则": [
    29.1058406,
    86.8753983
  ],
  "宁波": [
    29.8622194,
    121.6203873
  ],
  "拉萨": [
    29.6542054,
    91.1173015
  ],
  "武汉": [
    30.578891,
    114.2921197
  ],
  "苏州": [
    31.311123,
    120.6212881
  ],
  "海口": [
    20.0462328,
    110.1956502
  ],
  "阿勒泰": [
    47.1001782,
    88.4341751
  ],
  "西安": [
    34.261004,
    108.9423363
  ],
  "大连": [
    39.740278,
    122.255833
  ],
  "舟山": [
    29.9873344,
    122.2030363
  ],
  "汕头": [
    23.3563921,
    116.6775856
  ],
  "金华": [
    29.1080344,
    119.6486487
  ],
  "长沙": [
    28.1450774,
    113.2384362
  ],
  "合肥": [
    31.8665676,
    117.281428
  ],
  "台州": [
    28.6581723,
    121.4163876
  ],
  "东莞": [
    23.0183568,
    113.7452332
  ],
  "温州": [
    27.9963899,
    120.695345
  ],
  "大理": [
    25.6074778,
    100.2651597
  ],
  "西双版纳": [
    22.0116128,
    100.7960029
  ],
  "乌鲁木齐": [
    43.8244074,
    87.6139038
  ],
  "无锡": [
    31.5776626,
    120.2952752
  ],
  "西宁": [
    36.824463,
    101.440811
  ],
  "沈阳": [
    41.8026095,
    123.4279105
  ],
  "兰州": [
    36.285862,
    103.632326
  ],
  "哈尔滨": [
    45.7593633,
    126.6276177
  ],
  "佛山": [
    23.0239788,
    113.1159558
  ],
  "绍兴": [
    29.9992425,
    120.576854
  ],
  "重庆": [
    29.5515144,
    106.5415811
  ],
  "青岛": [
    36.0663249,
    120.3777659
  ],
  "榆林": [
    38.2851459,
    109.7290052
  ],
  "济南": [
    36.6519754,
    117.1138479
  ],
  "莆田": [
    25.3538682,
    119.0570588
  ],
  "昆明": [
    25.0399353,
    102.7169061
  ],
  "丽水": [
    28.4704064,
    119.9184297
  ],
  "长春": [
    43.8844201,
    125.3180998
  ],
  "宁德": [
    27.0143281,
    119.4385501
  ],
  "贵阳": [
    26.5878031,
    106.7086936
  ],
  "泉州": [
    25.1901863,
    118.338717
  ],
  "常州": [
    31.8122623,
    119.9691539
  ],
  "嘉兴": [
    30.7474425,
    120.7510971
  ],
  "郑州": [
    34.7472531,
    113.619321
  ],
  "南宁": [
    22.8157737,
    108.318024
  ],
  "克拉玛依": [
    45.5778068,
    84.8867252
  ],
  "湖州": [
    30.8942995,
    120.0851114
  ],
  "石家庄": [
    38.0429742,
    114.5088385
  ],
  "延安": [
    36.602796,
    109.4873978
  ],
  "南昌": [
    28.6472124,
    116.0348483
  ],
  "宜宾": [
    28.7555245,
    104.6406023
  ],
  "本溪": [
    41.176944,
    124.157425
  ],
  "凉山": [
    27.8849814,
    102.2657395
  ],
  "漳州": [
    24.2388257,
    117.4524304
  ],
  "湛江": [
    21.2737079,
    110.3548318
  ],
  "江门": [
    22.5816619,
    113.0761073
  ],
  "鄂尔多斯": [
    39.4602947,
    108.8134284
  ],
  "潮州": [
    23.656593,
    116.6204223
  ],
  "扬州": [
    32.3968554,
    119.4077658
  ],
  "三明": [
    26.3355765,
    117.442474
  ],
  "中山": [
    22.5197073,
    113.3872302
  ],
  "大庆": [
    46.3240228,
    124.5598093
  ],
  "和田": [
    37.1110359,
    79.920893
  ],
  "呼和浩特": [
    40.8184528,
    111.6601939
  ],
  "庆阳": [
    35.7106146,
    107.6384287
  ],
  "山南": [
    28.7628486,
    91.7523138
  ],
  "南通": [
    31.9827896,
    120.8904588
  ],
  "惠州": [
    23.1125153,
    114.4127007
  ],
  "阿克苏": [
    41.1686701,
    80.2581875
  ],
  "丽江": [
    26.8595868,
    100.2249797
  ],
  "锦州": [
    41.494444,
    121.615278
  ],
  "衢州": [
    28.973887,
    118.8540924
  ],
  "普洱": [
    23.2948942,
    100.8784458
  ],
  "宜昌": [
    30.6941332,
    111.2803512
  ],
  "鞍山": [
    40.822222,
    122.8275
  ],
  "赣州": [
    25.703866,
    115.348216
  ],
  "十堰": [
    32.45269,
    110.560812
  ],
  "甘孜": [
    30.0521496,
    101.9609839
  ],
  "茂名": [
    21.6656961,
    110.9209511
  ],
  "汕尾": [
    22.8017515,
    115.6308936
  ],
  "德宏": [
    24.4363819,
    98.5850386
  ],
  "金昌": [
    38.449693,
    102.058389
  ],
  "芜湖": [
    31.3536127,
    118.4277477
  ],
  "伊犁": [
    43.913814,
    81.3271885
  ],
  "揭阳": [
    23.553156,
    116.3680354
  ],
  "南平": [
    27.3856975,
    118.0753196
  ],
  "海西": [
    37.0824853,
    95.4597216
  ],
  "吉林": [
    43.8349669,
    126.5438702
  ],
  "柳州": [
    25.0009993,
    109.3414252
  ],
  "太原": [
    37.8600375,
    112.5818317
  ],
  "邯郸": [
    36.6107711,
    114.4857072
  ],
  "肇庆": [
    23.0501661,
    112.4603629
  ],
  "郴州": [
    25.7733598,
    113.0094337
  ],
  "攀枝花": [
    26.5860102,
    101.7179276
  ],
  "儋州": [
    19.568889,
    109.404444
  ],
  "张家界": [
    29.373828,
    110.530142
  ],
  "秦皇岛": [
    39.9395724,
    119.5894129
  ],
  "天水": [
    34.5797531,
    105.7062921
  ],
  "阜新": [
    42.330278,
    122.015278
  ],
  "嘉峪关": [
    39.7722294,
    98.2885388
  ],
  "丹东": [
    40.5791477,
    124.4407146
  ],
  "呼伦贝尔": [
    49.2125235,
    119.7370167
  ],
  "延边": [
    43.1,
    129.2
  ],
  "通辽": [
    43.6151762,
    122.2601035
  ],
  "辽阳": [
    41.2742898,
    123.1695757
  ],
  "廊坊": [
    39.5302055,
    116.6926134
  ],
  "吐鲁番": [
    42.4561611,
    89.7283163
  ],
  "景德镇": [
    29.3582395,
    117.2735595
  ],
  "临沧": [
    23.88848,
    100.0879344
  ],
  "泰州": [
    32.4579729,
    119.9181174
  ],
  "洛阳": [
    34.6196539,
    112.4477046
  ],
  "衡阳": [
    26.8971308,
    112.5666191
  ],
  "大同": [
    40.0923194,
    113.2952665
  ],
  "喀什": [
    39.4665981,
    75.9900135
  ],
  "连云港": [
    34.5933134,
    119.2171662
  ],
  "襄阳": [
    32.010998,
    112.1163785
  ],
  "巴州": [
    41.7617218,
    86.1441004
  ],
  "酒泉": [
    40.2773513,
    96.4560478
  ],
  "龙岩": [
    25.0767425,
    117.0123483
  ],
  "滁州": [
    32.3027377,
    118.3139455
  ],
  "辽源": [
    42.8863846,
    125.1374905
  ],
  "烟台": [
    37.461928,
    121.4425255
  ],
  "梧州": [
    23.5715402,
    111.0139268
  ],
  "岳阳": [
    29.060703,
    113.348653
  ],
  "抚顺": [
    41.8011658,
    124.7459491
  ],
  "六盘水": [
    26.5963778,
    104.8279652
  ],
  "威海": [
    37.5120997,
    122.1152599
  ],
  "齐齐哈尔": [
    47.7363891,
    124.6567611
  ],
  "哈密": [
    42.817404,
    93.5142008
  ],
  "绵阳": [
    31.4602714,
    104.7160723
  ],
  "赤峰": [
    43.2564906,
    118.9759212
  ],
  "通化": [
    42.123889,
    125.848333
  ],
  "上饶": [
    28.7435852,
    117.40539
  ],
  "韶关": [
    24.8309489,
    113.8155263
  ],
  "盐城": [
    33.349559,
    120.1577019
  ],
  "镇江": [
    32.1891959,
    119.4200069
  ],
  "恩施": [
    30.352749,
    109.508506
  ],
  "鸡西": [
    45.65802,
    132.461493
  ],
  "包头": [
    40.6174777,
    109.944912
  ],
  "广元": [
    32.2685578,
    105.8395358
  ],
  "佳木斯": [
    47.02157,
    132.044137
  ],
  "四平": [
    43.8844201,
    125.3180998
  ],
  "黄山": [
    29.7172627,
    118.3324811
  ],
  "兴安": [
    46.2425485,
    121.4088758
  ],
  "桂林": [
    25.2779894,
    110.2910622
  ],
  "泸州": [
    28.5297899,
    105.5382725
  ],
  "锡林郭勒": [
    43.6082034,
    116.6543558
  ],
  "株洲": [
    27.049812,
    113.55087
  ],
  "湘西": [
    28.7120445,
    109.806804
  ],
  "沧州": [
    38.3089457,
    116.872441
  ],
  "伊春": [
    47.9433709,
    129.1847514
  ],
  "焦作": [
    35.1375,
    113.143889
  ],
  "承德": [
    40.9507147,
    117.9567031
  ],
  "绥化": [
    46.6510432,
    126.9627244
  ],
  "白银": [
    36.536461,
    104.784953
  ],
  "松原": [
    45.1386775,
    124.8170805
  ],
  "九江": [
    29.388607,
    115.3820227
  ],
  "七台河": [
    45.7703578,
    131.0066556
  ],
  "唐山": [
    39.6295951,
    118.1738712
  ],
  "随州": [
    31.920921,
    113.465844
  ],
  "平凉": [
    35.5432,
    106.6608107
  ],